{"att":[{"freq":100,"pos":[-1.55021,0.763111,-5.37205],"strength":0.5}],"rf":[{"angles":[0,30,-30],"pos":[-2.18174,0.756149,-8.99985],"strength":5},{"angles":[0,30,-30],"pos":[2.44137,0.778606,-2.61198],"strength":5},{"angles":[0,30,-30],"pos":[-2.61809,0.756149,-2.93947],"strength":5},{"angles":[0,30,-30],"pos":[2.52112,0.778606,-7.83626],"strength":5}]}