{"att":[{"freq":100,"pos":[0.098982,0.763111,-7.18637],"strength":0.5}],"rf":[{"angles":[0,30,-30],"pos":[-2.18174,0.756149,-8.78569],"strength":5},{"angles":[0,30,-30],"pos":[2.44137,0.778606,-2.61198],"strength":5},{"angles":[0,30,-30],"pos":[0.000599,0.756149,-3.65985],"strength":5},{"angles":[0,30,-30],"pos":[2.52112,0.778606,-7.83626],"strength":5}]}