{"att":[],"rf":[{"angles":[-80,80,0,0],"pos":[0,0.651958,-5.23591],"strength":2}]}
